{"cameraMode":{"drawMode":0,"name":"Shaded","section":"Shading Mode"},"sceneLighting":true,"audioPlay":false,"sceneViewState":{"showFog":true,"showMaterialUpdate":false,"showSkybox":true,"showFlares":true,"showImageEffects":true,"showParticleSystems":true},"in2DMode":false,"pivot":{"x":554.2534790039063,"y":11.942140579223633,"z":307.2603759765625},"rotation":{"x":-0.04508400335907936,"y":0.9404653310775757,"z":-0.13812793791294099,"w":-0.3073733150959015},"size":24.804885864257814,"orthographic":false}